{
	"parent": "block/block",
	"textures": {
		"particle": "block/mangrove_roots_side",
		"side": "block/mangrove_roots_side",
		"top": "block/mangrove_roots_top"
	},
	"elements": [
		{
			"from": [0, 16, 0],
			"to": [16, 16, 16],
			"faces": {
				"up": {"uv": [0, 0, 16, 16], "texture": "#top", "cullface": "up"},
				"down": {"uv": [0, 16, 16, 0], "texture": "#top", "cullface": "up"}
			}
		},
		{
			"from": [0, 0, 0],
			"to": [16, 0, 16],
			"rotation": {"angle": 0, "axis": "x", "origin": [2, 0, 0]},
			"faces": {
				"up": {"uv": [0, 0, 16, 16], "texture": "#top", "cullface": "down"},
				"down": {"uv": [0, 16, 16, 0], "texture": "#top", "cullface": "down"}
			}
		},
		{
			"from": [0, 0, 0],
			"to": [16, 16, 16],
			"faces": {
				"north": {"uv": [0, 0, 16, 16], "texture": "#side", "cullface": "north"},
				"east": {"uv": [0, 0, 16, 16], "texture": "#side", "cullface": "east"},
				"south": {"uv": [0, 0, 16, 16], "texture": "#side", "cullface": "south"},
				"west": {"uv": [0, 0, 16, 16], "texture": "#side", "cullface": "west"}
			}
		},
		{
			"from": [15.98, 16, 15.98],
			"to": [0.02, 0, 0.02],
			"faces": {
				"north": {"uv": [0, 16, 16, 0], "texture": "#side", "cullface": "south"},
				"east": {"uv": [0, 16, 16, 0], "texture": "#side", "cullface": "west"},
				"south": {"uv": [0, 16, 16, 0], "texture": "#side", "cullface": "north"},
				"west": {"uv": [0, 16, 16, 0], "texture": "#side", "cullface": "east"}
			}
		}
	]
}