{
	"textures": {
		"particle": "block/mangrove_trapdoor",
		"texture": "block/mangrove_trapdoor",
		"door": "block/mangrove_door_bottom"
	},
	"elements": [
		{
			"from": [0, 0, 13],
			"to": [16, 16, 16],
			"faces": {
				"north": {"uv": [0, 0, 16, 16], "texture": "#texture"},
				"east": {"uv": [0, 16, 16, 13], "rotation": 90, "texture": "#door", "cullface": "east"},
				"south": {"uv": [0, 0, 16, 16], "texture": "#texture", "cullface": "south"},
				"west": {"uv": [16, 13, 0, 16], "rotation": 90, "texture": "#door", "cullface": "west"},
				"up": {"uv": [0, 16, 16, 13], "texture": "#door", "cullface": "up"},
				"down": {"uv": [16, 13, 0, 16], "texture": "#door", "cullface": "down"}
			}
		}
	]
}